{
  "fp32": {
    "accuracy": 0.872835,
    "f1": 0.864831,
    "precision": 0.894534,
    "recall": 0.852789
  },
  "int8_ptq_graph": {
    "accuracy": 0.812067,
    "f1": 0.79531,
    "precision": 0.846992,
    "recall": 0.790813
  },
  "delta": {
    "accuracy": 0.060768,
    "f1": 0.069521,
    "precision": 0.047542,
    "recall": 0.061976
  }
}