model,accuracy,f1,precision,recall
resnet18_from_resnet50_kd,86.92307692307692,86.73578888757656,87.11700064641241,86.92307692307692
