model,accuracy,f1,precision,recall
teacher,90.0,89.92688428156407,90.11283813318965,90.0
student_kd,91.53846153846153,91.49532318860813,91.78464392750108,91.53846153846153
